card_id,amount,location,timestamp,fraud_label
card_3313,3410,TX,2025-03-21T00:40:17Z,0
card_3853,1335,NY,2025-03-30T01:28:28Z,0
card_1207,69,FL,2025-03-23T05:33:50Z,0
card_3143,3115,TX,2025-03-22T21:24:26Z,1
card_9232,2092,CA,2025-03-28T18:30:41Z,0
card_8747,3726,CA,2025-03-26T06:01:09Z,0
card_5189,658,CA,2025-03-22T11:49:51Z,0
card_3998,4767,TX,2025-03-24T04:34:02Z,0
card_7945,2667,NY,2025-03-21T07:27:34Z,0
card_9657,2876,CA,2025-03-24T09:21:28Z,0
card_2559,1772,CA,2025-03-25T13:26:16Z,0
card_4844,4301,NY,2025-03-29T10:13:48Z,0
card_2732,1132,CA,2025-03-24T10:18:22Z,0
card_8817,4889,TX,2025-03-24T14:34:19Z,0
card_2943,1031,CA,2025-03-29T19:37:44Z,0
card_9100,2929,TX,2025-03-26T09:38:02Z,0
card_8921,909,CA,2025-03-26T10:56:28Z,0
card_1107,3808,CA,2025-03-24T04:28:13Z,0
card_2944,1480,CA,2025-03-20T22:58:39Z,0
card_1375,593,TX,2025-03-29T13:30:54Z,0
card_6739,2225,NY,2025-03-21T00:35:36Z,0
card_8670,1539,CA,2025-03-25T00:31:37Z,0
card_2048,3659,NY,2025-03-21T03:18:35Z,0
card_5416,1008,TX,2025-03-29T06:14:22Z,0
card_4525,2634,TX,2025-03-27T08:14:32Z,0
card_9247,3685,CA,2025-03-22T05:09:21Z,0
card_5151,4507,CA,2025-03-21T08:00:14Z,0
card_6771,1297,NY,2025-03-22T14:32:45Z,0
card_5937,1175,TX,2025-03-26T01:01:02Z,0
card_9492,3470,TX,2025-03-24T07:59:01Z,0
card_2025,4140,FL,2025-03-21T17:03:24Z,0
card_2325,1215,FL,2025-03-21T11:44:34Z,0
card_1121,4401,CA,2025-03-24T18:24:32Z,0
card_4252,4121,CA,2025-03-21T02:02:15Z,0
card_7935,3815,FL,2025-03-28T00:04:30Z,0
card_7511,4228,TX,2025-03-30T01:35:36Z,0
card_7211,2264,FL,2025-03-27T23:53:17Z,0
card_7877,1354,FL,2025-03-25T02:29:49Z,0
card_4451,1640,FL,2025-03-21T18:29:37Z,0
card_7203,3827,NY,2025-03-23T16:23:54Z,0
card_3648,3372,NY,2025-03-25T07:57:19Z,0
card_1849,2145,FL,2025-03-29T15:36:09Z,0
card_7622,2706,TX,2025-03-25T19:59:13Z,0
card_6882,3967,FL,2025-03-28T13:09:39Z,0
card_4801,519,NY,2025-03-29T15:06:12Z,0
card_7382,2579,TX,2025-03-22T19:00:19Z,0
card_6543,1432,CA,2025-03-30T02:19:57Z,0
card_7336,1819,NY,2025-03-30T04:39:26Z,0
card_6459,3767,NY,2025-03-27T08:20:36Z,0
card_1719,2731,TX,2025-03-29T18:16:01Z,0
card_2701,1413,FL,2025-03-30T09:17:10Z,0
card_9631,323,NY,2025-03-27T19:10:59Z,0
card_4726,4482,NY,2025-03-27T07:58:37Z,0
card_3242,4651,NY,2025-03-28T13:56:23Z,0
card_6497,4414,FL,2025-03-23T23:58:53Z,0
card_6246,4850,TX,2025-03-21T11:25:18Z,0
card_7412,3147,TX,2025-03-21T20:55:57Z,0
card_2126,1234,FL,2025-03-27T10:26:05Z,0
card_1908,2928,FL,2025-03-21T21:05:32Z,0
card_3373,4269,NY,2025-03-30T06:56:29Z,0
card_3754,2684,CA,2025-03-26T08:39:57Z,0
card_3386,723,NY,2025-03-25T02:00:16Z,0
card_6138,1981,TX,2025-03-30T01:15:14Z,0
card_9860,4736,CA,2025-03-30T10:46:04Z,0
card_2619,2562,FL,2025-03-25T09:36:39Z,0
card_9732,1782,NY,2025-03-24T11:26:06Z,0
card_2756,1951,NY,2025-03-24T16:43:17Z,0
card_3084,4810,TX,2025-03-27T14:43:40Z,0
card_1367,4004,FL,2025-03-24T23:47:16Z,0
card_2199,3134,FL,2025-03-22T01:11:14Z,0
card_2287,2577,NY,2025-03-27T20:07:54Z,0
card_4861,2296,TX,2025-03-23T11:49:24Z,0
card_1903,4857,TX,2025-03-22T20:18:36Z,0
card_6115,2735,FL,2025-03-27T22:16:21Z,0
card_4130,1304,NY,2025-03-26T14:55:18Z,0
card_6754,2398,CA,2025-03-27T09:49:39Z,0
card_8675,1045,FL,2025-03-24T18:57:54Z,0
card_3029,1599,NY,2025-03-22T17:58:27Z,0
card_6561,4204,NY,2025-03-23T18:56:53Z,0
card_2773,3938,FL,2025-03-24T19:17:00Z,0
card_1636,4367,FL,2025-03-27T00:13:13Z,0
card_8644,3532,FL,2025-03-27T13:29:42Z,0
card_3504,116,TX,2025-03-28T01:11:29Z,0
card_5403,1325,TX,2025-03-28T01:05:06Z,0
card_3483,3430,TX,2025-03-23T10:00:35Z,0
card_7084,635,NY,2025-03-28T21:22:32Z,0
card_7954,131,FL,2025-03-21T13:17:48Z,0
card_3597,444,TX,2025-03-21T01:13:11Z,0
card_4948,3351,NY,2025-03-29T20:33:10Z,0
card_5033,4031,FL,2025-03-26T09:36:24Z,0
card_1323,1535,TX,2025-03-28T00:35:46Z,0
card_1436,1170,FL,2025-03-22T14:36:36Z,0
card_6467,1617,FL,2025-03-21T02:34:33Z,0
card_4733,1087,NY,2025-03-21T23:29:44Z,0
card_1060,313,TX,2025-03-28T18:36:29Z,0
card_4048,1348,TX,2025-03-30T00:28:20Z,0
card_5612,574,NY,2025-03-28T13:01:38Z,0
card_1137,1092,CA,2025-03-25T19:22:19Z,0
card_8199,2252,FL,2025-03-26T12:06:41Z,0
card_3066,3633,NY,2025-03-24T09:28:22Z,0
card_1473,2683,TX,2025-03-21T19:12:13Z,0
card_8432,1270,TX,2025-03-30T02:24:42Z,0
card_7259,1089,NY,2025-03-23T06:47:25Z,0
card_8295,4800,FL,2025-03-21T15:12:27Z,0
card_4639,4883,CA,2025-03-29T02:42:29Z,0
card_3649,224,TX,2025-03-26T11:59:16Z,0
card_2774,2622,FL,2025-03-20T18:41:16Z,0
card_3640,2704,NY,2025-03-28T21:20:20Z,0
card_7047,3173,TX,2025-03-29T08:39:10Z,0
card_9730,2502,FL,2025-03-22T06:19:16Z,0
card_8466,2149,TX,2025-03-23T01:56:05Z,0
card_7542,2527,CA,2025-03-27T00:52:18Z,0
card_9366,3525,CA,2025-03-25T10:25:50Z,0
card_8937,4533,TX,2025-03-27T05:15:57Z,0
card_6844,797,NY,2025-03-27T12:50:38Z,0
card_5863,1013,FL,2025-03-28T06:45:11Z,0
card_3335,4300,NY,2025-03-30T02:44:25Z,0
card_4348,3097,TX,2025-03-21T16:25:19Z,0
card_3260,4287,TX,2025-03-21T23:39:24Z,0
card_7226,308,NY,2025-03-29T02:05:06Z,0
card_5972,2271,FL,2025-03-22T07:11:14Z,0
card_1027,4886,FL,2025-03-26T05:47:22Z,0
card_4580,850,TX,2025-03-30T00:08:31Z,0
card_3093,3468,TX,2025-03-23T02:28:23Z,0
card_2313,2817,CA,2025-03-23T07:45:48Z,0
card_1017,2985,NY,2025-03-24T03:27:48Z,0
card_3071,484,TX,2025-03-22T06:46:49Z,0
card_4813,1838,TX,2025-03-21T10:44:36Z,0
card_3608,3821,CA,2025-03-24T13:00:56Z,0
card_2098,3162,NY,2025-03-24T01:13:20Z,0
card_4502,2397,CA,2025-03-24T21:38:48Z,0
card_5518,1549,CA,2025-03-29T23:25:58Z,0
card_8122,1441,NY,2025-03-24T01:17:12Z,0
card_9768,4763,TX,2025-03-22T01:55:25Z,0
card_3874,3167,FL,2025-03-22T09:45:02Z,0
card_6247,443,CA,2025-03-22T22:13:21Z,0
card_4455,2894,TX,2025-03-27T15:36:05Z,0
card_9990,2998,CA,2025-03-22T09:48:20Z,0
card_4425,603,CA,2025-03-27T23:56:36Z,0
card_4045,1631,TX,2025-03-21T16:43:34Z,0
card_3599,1824,TX,2025-03-29T15:45:00Z,0
card_1472,1869,FL,2025-03-30T01:47:53Z,0
card_7263,141,FL,2025-03-29T05:21:19Z,0
card_3668,1152,FL,2025-03-25T08:26:14Z,0
card_1221,2208,NY,2025-03-22T02:17:59Z,0
card_4822,4606,FL,2025-03-27T07:06:08Z,0
card_9709,3192,FL,2025-03-22T17:19:07Z,0
card_9354,3334,CA,2025-03-23T16:53:43Z,0
card_1650,2606,FL,2025-03-24T07:34:14Z,0
card_8497,1757,NY,2025-03-23T02:51:31Z,0
card_9680,1130,CA,2025-03-28T10:30:19Z,0
card_5995,1831,FL,2025-03-26T21:30:09Z,0
card_1894,4575,NY,2025-03-29T16:02:15Z,0
card_8364,3551,NY,2025-03-24T22:12:42Z,0
card_5454,430,CA,2025-03-29T13:16:35Z,0
card_9358,3382,FL,2025-03-21T00:41:13Z,0
card_2739,975,CA,2025-03-20T14:03:07Z,0
card_9741,8,NY,2025-03-23T09:30:21Z,0
card_3577,3095,FL,2025-03-24T14:07:04Z,0
card_3890,1479,CA,2025-03-26T08:07:15Z,0
card_3303,496,FL,2025-03-28T04:48:06Z,0
card_7828,4287,NY,2025-03-21T15:11:53Z,0
card_1306,1354,NY,2025-03-24T19:12:02Z,0
card_6539,3578,FL,2025-03-27T18:51:39Z,0
card_5671,3078,CA,2025-03-21T10:11:55Z,0
card_8851,2065,CA,2025-03-25T18:42:45Z,0
card_6605,733,NY,2025-03-27T08:26:49Z,0
card_3608,4451,CA,2025-03-26T04:58:48Z,0
card_2356,3187,NY,2025-03-21T11:29:02Z,0
card_7352,2773,TX,2025-03-22T00:45:32Z,0
card_4773,25,CA,2025-03-21T17:58:25Z,0
card_5280,3916,FL,2025-03-28T20:13:03Z,0
card_3970,2767,TX,2025-03-21T10:34:01Z,0
card_2798,3786,TX,2025-03-28T10:57:34Z,0
card_7113,413,CA,2025-03-28T12:40:07Z,0
card_4219,1808,NY,2025-03-22T01:53:21Z,0
card_3757,1621,FL,2025-03-28T19:15:00Z,0
card_6488,2417,NY,2025-03-29T08:34:09Z,0
card_5793,4851,TX,2025-03-29T22:02:29Z,0
card_9531,4483,CA,2025-03-24T03:28:05Z,0
card_9581,3772,CA,2025-03-22T17:55:45Z,0
card_8350,4633,FL,2025-03-22T02:19:36Z,0
card_5419,569,CA,2025-03-23T04:28:55Z,0
card_1288,4571,NY,2025-03-25T09:43:04Z,0
card_5283,3853,NY,2025-03-28T13:38:47Z,0
card_8671,3523,TX,2025-03-20T20:48:51Z,0
card_6708,382,FL,2025-03-25T22:40:18Z,0
card_8842,2224,FL,2025-03-23T11:23:33Z,0
card_9133,2327,NY,2025-03-29T18:45:32Z,0
card_1889,405,TX,2025-03-24T02:27:17Z,0
card_6946,2794,FL,2025-03-30T11:55:11Z,0
card_9059,2721,CA,2025-03-28T06:54:58Z,0
card_3532,4958,CA,2025-03-21T12:27:29Z,0
card_9467,3387,CA,2025-03-29T09:01:36Z,0
card_5247,2683,CA,2025-03-23T17:46:51Z,0
card_2259,4863,NY,2025-03-23T01:18:01Z,0
card_8922,197,NY,2025-03-28T08:37:26Z,0
card_4245,4374,FL,2025-03-21T23:47:43Z,0
card_8468,2972,FL,2025-03-21T01:39:39Z,0
card_3910,850,CA,2025-03-21T20:08:13Z,0
card_8017,26,NY,2025-03-22T21:38:12Z,0
card_6681,2915,TX,2025-03-24T09:46:59Z,0
card_4387,3989,TX,2025-03-25T11:05:13Z,0
card_6486,3150,FL,2025-03-22T19:23:26Z,0
card_3105,4966,TX,2025-03-30T10:02:20Z,0
card_4428,1249,CA,2025-03-27T20:44:09Z,0
card_5204,3406,FL,2025-03-20T22:50:56Z,0
card_7786,2725,CA,2025-03-27T08:31:50Z,0
card_6802,3380,TX,2025-03-24T13:04:28Z,0
card_9793,830,CA,2025-03-21T23:57:08Z,0
card_8627,89,NY,2025-03-29T04:13:07Z,0
card_2972,4089,TX,2025-03-22T12:24:23Z,0
card_8770,577,FL,2025-03-28T02:45:15Z,0
card_6605,4214,FL,2025-03-29T02:54:22Z,0
card_5308,2855,TX,2025-03-23T12:43:56Z,0
card_2983,4450,TX,2025-03-25T07:30:58Z,0
card_6663,2325,FL,2025-03-23T10:46:55Z,0
card_2770,1547,CA,2025-03-23T14:21:54Z,0
card_7934,2167,CA,2025-03-20T22:39:06Z,0
card_3732,2356,NY,2025-03-28T21:07:00Z,0
card_9596,4134,FL,2025-03-21T07:38:44Z,0
card_1004,547,NY,2025-03-25T03:02:12Z,0
card_7763,4824,FL,2025-03-25T16:28:33Z,0
card_2367,2310,NY,2025-03-26T04:11:13Z,0
card_2137,3701,NY,2025-03-28T09:22:20Z,0
card_2459,2639,FL,2025-03-29T22:53:39Z,0
card_6446,1878,NY,2025-03-23T16:05:14Z,0
card_2872,3040,FL,2025-03-22T00:02:53Z,0
card_6399,4082,FL,2025-03-22T15:39:42Z,0
card_8931,1710,CA,2025-03-22T11:23:58Z,0
card_4149,4564,NY,2025-03-23T19:30:43Z,0
card_1812,2000,CA,2025-03-21T06:38:08Z,0
card_5894,3161,FL,2025-03-23T09:49:58Z,0
card_6813,2218,NY,2025-03-25T21:28:37Z,0
card_4417,3867,FL,2025-03-22T06:21:38Z,0
card_6158,4546,FL,2025-03-22T07:53:29Z,0
card_4022,4218,FL,2025-03-22T07:26:06Z,0
card_5189,3273,NY,2025-03-28T18:23:27Z,0
card_4594,4033,TX,2025-03-29T18:00:56Z,0
card_4094,4184,TX,2025-03-23T19:12:21Z,0
card_2942,1764,TX,2025-03-29T08:51:21Z,0
card_5913,840,CA,2025-03-24T18:03:19Z,0
card_2213,2192,CA,2025-03-23T07:48:05Z,0
card_6523,4411,CA,2025-03-25T03:30:34Z,0
card_2298,1952,NY,2025-03-26T16:14:45Z,0
card_4548,767,CA,2025-03-22T00:21:16Z,0
card_7093,4491,FL,2025-03-23T05:39:12Z,0
card_5346,1884,CA,2025-03-30T08:42:10Z,0
card_6118,1585,FL,2025-03-21T06:24:24Z,0
card_4060,437,TX,2025-03-21T03:02:10Z,0
card_7254,2428,CA,2025-03-28T06:25:19Z,0
card_6539,189,CA,2025-03-30T09:55:41Z,0
card_4086,522,CA,2025-03-23T15:49:15Z,0
card_6336,1606,FL,2025-03-23T10:16:08Z,0
card_1621,4903,TX,2025-03-27T21:24:11Z,0
card_1490,2305,FL,2025-03-29T21:40:54Z,0
card_1074,1891,TX,2025-03-27T19:37:14Z,0
card_8572,1523,NY,2025-03-22T06:50:21Z,0
card_4435,2574,NY,2025-03-25T00:46:21Z,0
card_5691,2925,NY,2025-03-24T04:13:23Z,0
card_5711,2778,FL,2025-03-27T18:20:00Z,0
card_5542,524,CA,2025-03-20T22:38:32Z,0
card_2167,2671,NY,2025-03-21T16:13:33Z,0
card_8216,1796,TX,2025-03-22T15:24:07Z,0
card_2512,4017,NY,2025-03-23T16:44:10Z,0
card_7364,4646,FL,2025-03-24T21:20:06Z,0
card_1191,3870,FL,2025-03-27T13:01:09Z,0
card_5898,4219,NY,2025-03-24T00:12:29Z,0
card_4010,1887,FL,2025-03-27T02:13:56Z,0
card_7675,178,TX,2025-03-30T08:50:26Z,0
card_5283,1907,FL,2025-03-25T14:03:04Z,0
card_6513,2020,NY,2025-03-26T23:47:32Z,0
card_5834,294,FL,2025-03-27T10:29:21Z,0
card_5931,2855,NY,2025-03-29T15:00:57Z,0
card_2650,347,TX,2025-03-26T10:49:07Z,0
card_9228,358,TX,2025-03-30T04:35:55Z,0
card_5536,3133,NY,2025-03-27T00:27:19Z,0
card_5849,3989,TX,2025-03-26T15:25:38Z,0
card_3252,3414,CA,2025-03-26T00:31:49Z,0
card_2102,3105,FL,2025-03-25T23:28:52Z,0
card_9942,4624,TX,2025-03-25T06:38:13Z,0
card_5639,4890,FL,2025-03-23T23:02:34Z,0
card_1104,3807,CA,2025-03-25T14:19:32Z,0
card_9726,2714,CA,2025-03-22T23:17:50Z,0
card_4577,1024,FL,2025-03-22T03:17:15Z,0
card_7199,2093,TX,2025-03-29T09:39:28Z,0
card_8463,2785,TX,2025-03-21T22:54:30Z,0
card_7922,4128,TX,2025-03-30T06:12:45Z,0
card_3974,981,TX,2025-03-28T08:49:52Z,0
card_4221,3861,NY,2025-03-24T20:52:29Z,0
card_8356,1344,NY,2025-03-26T03:57:46Z,0
card_5618,800,NY,2025-03-29T06:39:14Z,0
card_3247,928,NY,2025-03-22T12:59:28Z,0
card_7270,2814,FL,2025-03-25T06:15:05Z,0
card_5903,1637,CA,2025-03-21T23:28:30Z,0
card_3884,2384,CA,2025-03-22T04:34:56Z,0
card_1822,4811,CA,2025-03-23T09:36:53Z,0
card_4809,3610,TX,2025-03-23T14:57:55Z,0
card_8118,4506,CA,2025-03-25T08:17:50Z,0
card_2516,4635,CA,2025-03-21T20:41:44Z,0
card_7950,3278,FL,2025-03-28T23:00:18Z,0
card_9617,4559,FL,2025-03-29T03:27:06Z,0
card_8917,3070,NY,2025-03-28T03:48:47Z,0
card_5340,801,TX,2025-03-23T00:44:34Z,0
card_1139,3547,FL,2025-03-27T04:11:28Z,0
card_1728,1981,NY,2025-03-25T09:11:26Z,0
card_2314,1828,NY,2025-03-22T10:07:00Z,0
card_2091,4677,FL,2025-03-27T10:13:20Z,0
card_7364,364,CA,2025-03-30T11:30:58Z,0
card_2513,2876,CA,2025-03-27T16:34:42Z,0
card_4696,2390,FL,2025-03-22T01:01:03Z,0
card_8671,2903,NY,2025-03-27T06:48:40Z,0
card_4483,425,CA,2025-03-21T03:11:58Z,0
card_2838,356,FL,2025-03-28T12:40:36Z,0
card_5447,1909,NY,2025-03-22T15:39:36Z,0
card_6843,2953,FL,2025-03-20T18:51:57Z,0
card_4776,2047,CA,2025-03-22T04:52:14Z,0
card_8844,1424,FL,2025-03-21T04:52:33Z,0
card_6214,4094,NY,2025-03-26T02:15:41Z,0
card_5890,1551,NY,2025-03-21T17:20:00Z,0
card_2124,630,NY,2025-03-29T13:56:00Z,0
card_4065,4339,CA,2025-03-26T12:49:14Z,0
card_1460,1564,NY,2025-03-28T22:09:07Z,0
card_1511,2218,FL,2025-03-25T06:53:13Z,0
card_5450,4749,NY,2025-03-21T16:16:55Z,0
card_4893,2505,TX,2025-03-26T03:32:02Z,0
card_9529,1134,FL,2025-03-26T18:17:03Z,0
card_9516,4866,FL,2025-03-27T16:25:24Z,0
card_2927,1779,TX,2025-03-21T11:46:19Z,0
card_2896,2595,TX,2025-03-25T03:44:49Z,0
card_1262,2330,NY,2025-03-26T16:19:13Z,0
card_5601,3734,CA,2025-03-26T12:31:29Z,0
card_6529,4038,NY,2025-03-30T12:29:41Z,0
card_8808,2653,CA,2025-03-22T12:33:11Z,0
card_8857,3705,CA,2025-03-20T19:13:54Z,0
card_3901,3003,NY,2025-03-29T20:46:52Z,0
card_8417,3699,FL,2025-03-22T10:09:34Z,0
card_4808,4450,FL,2025-03-26T23:44:16Z,0
card_5241,2128,NY,2025-03-27T14:38:54Z,0
card_5775,1764,TX,2025-03-22T23:03:47Z,0
card_2540,1795,TX,2025-03-24T09:11:22Z,0
card_7829,3431,TX,2025-03-20T20:39:13Z,0
card_1699,269,FL,2025-03-29T06:15:43Z,0
card_2475,3983,CA,2025-03-27T05:22:07Z,0
card_1105,4860,NY,2025-03-30T12:43:19Z,0
card_5673,1863,FL,2025-03-28T12:20:32Z,0
card_3384,713,FL,2025-03-26T15:30:58Z,0
card_2288,4326,TX,2025-03-22T16:03:52Z,0
card_9881,4070,NY,2025-03-27T13:42:50Z,0
card_9679,1474,NY,2025-03-29T16:08:27Z,0
card_8728,2995,CA,2025-03-25T17:49:16Z,0
card_2624,585,NY,2025-03-24T11:50:15Z,0
card_4544,3419,FL,2025-03-26T00:26:36Z,0
card_8724,3003,TX,2025-03-22T15:48:08Z,0
card_9084,2602,CA,2025-03-25T23:28:11Z,0
card_6264,4525,TX,2025-03-23T02:39:10Z,0
card_9361,953,CA,2025-03-23T16:45:04Z,0
card_3860,3283,TX,2025-03-25T19:59:55Z,0
card_9931,4002,FL,2025-03-24T23:23:47Z,0
card_1215,2786,TX,2025-03-28T20:58:15Z,0
card_3054,2645,NY,2025-03-22T21:59:57Z,0
card_1722,4544,TX,2025-03-29T19:06:24Z,0
card_4614,4991,NY,2025-03-30T10:19:17Z,0
card_9896,1366,CA,2025-03-28T12:55:36Z,0
card_5028,3262,TX,2025-03-29T00:24:59Z,0
card_9844,158,FL,2025-03-24T02:40:18Z,0
card_7524,3572,FL,2025-03-26T16:50:07Z,0
card_9265,3375,CA,2025-03-28T03:17:11Z,0
card_5506,3714,FL,2025-03-23T03:25:33Z,0
card_9030,4134,TX,2025-03-23T15:12:31Z,0
card_8002,4442,FL,2025-03-25T00:22:51Z,0
card_5781,3247,FL,2025-03-26T03:29:31Z,0
card_8969,4859,NY,2025-03-21T20:58:02Z,0
card_3236,2538,FL,2025-03-27T04:29:50Z,0
card_4554,1579,NY,2025-03-27T21:40:12Z,0
card_6523,2912,TX,2025-03-26T13:04:36Z,0
card_1685,4957,NY,2025-03-29T00:40:03Z,0
card_3328,33,FL,2025-03-23T18:54:42Z,0
card_7803,3849,NY,2025-03-29T15:16:28Z,0
card_8087,2281,CA,2025-03-27T15:37:03Z,0
card_4642,1658,TX,2025-03-25T16:06:23Z,0
card_3445,4697,NY,2025-03-24T07:24:54Z,0
card_2097,4157,CA,2025-03-23T00:36:16Z,0
card_4314,42,FL,2025-03-26T16:27:50Z,0
card_8924,3330,NY,2025-03-27T20:31:47Z,0
card_6993,3439,CA,2025-03-26T06:57:22Z,0
card_2576,4560,NY,2025-03-22T11:41:33Z,0
card_3129,1625,TX,2025-03-22T13:00:08Z,0
card_4388,2068,FL,2025-03-27T12:15:43Z,0
card_7037,2505,TX,2025-03-27T19:23:15Z,0
card_1518,1925,FL,2025-03-30T01:41:49Z,0
card_2209,3600,CA,2025-03-24T19:30:19Z,0
card_4533,710,TX,2025-03-30T12:40:54Z,0
card_2978,4002,CA,2025-03-21T15:05:39Z,0
card_6115,1367,TX,2025-03-23T03:17:31Z,0
card_3796,4711,TX,2025-03-24T03:05:11Z,0
card_4743,4519,CA,2025-03-29T15:22:46Z,0
card_1593,3165,TX,2025-03-23T05:15:12Z,0
card_8721,2589,NY,2025-03-23T05:14:01Z,0
card_9762,1012,TX,2025-03-26T10:04:25Z,0
card_8156,4171,FL,2025-03-24T15:56:29Z,0
card_4483,1704,NY,2025-03-24T20:32:58Z,0
card_5505,991,FL,2025-03-20T17:05:23Z,0
card_7016,1637,CA,2025-03-21T17:07:30Z,0
card_3915,4869,FL,2025-03-23T05:10:22Z,0
card_4273,2263,TX,2025-03-21T05:19:33Z,0
card_6695,1883,CA,2025-03-21T22:08:55Z,0
card_8650,2514,CA,2025-03-22T10:09:22Z,0
card_3547,2618,TX,2025-03-27T12:51:06Z,0
card_6461,3067,CA,2025-03-23T21:37:23Z,0
card_4572,816,NY,2025-03-27T09:57:18Z,0
card_6041,3692,CA,2025-03-28T01:17:33Z,0
card_9830,1079,FL,2025-03-27T04:21:12Z,0
card_2398,2500,CA,2025-03-26T03:44:41Z,0
card_4519,2668,NY,2025-03-26T03:43:58Z,0
card_4566,4468,TX,2025-03-30T01:38:08Z,0
card_5713,3213,NY,2025-03-23T10:19:19Z,0
card_7773,923,FL,2025-03-21T03:08:39Z,0
card_8486,3811,TX,2025-03-28T16:15:12Z,0
card_2192,4991,TX,2025-03-29T10:45:35Z,0
card_1453,3594,FL,2025-03-24T03:07:12Z,0
card_5168,1429,CA,2025-03-24T00:10:42Z,0
card_9391,4248,CA,2025-03-29T11:49:51Z,0
card_4257,4386,CA,2025-03-23T21:40:41Z,0
card_2095,3719,CA,2025-03-30T07:44:21Z,0
card_5944,1991,FL,2025-03-30T09:16:49Z,0
card_1482,3862,TX,2025-03-30T05:31:17Z,0
card_9980,3280,CA,2025-03-23T05:59:17Z,0
card_4224,4926,FL,2025-03-29T23:54:53Z,0
card_8575,3584,CA,2025-03-30T10:57:15Z,0
card_7696,4176,CA,2025-03-26T10:49:30Z,0
card_2171,229,CA,2025-03-22T05:32:57Z,0
card_2188,3120,CA,2025-03-25T19:16:19Z,0
card_1674,2879,CA,2025-03-26T04:22:37Z,0
card_1060,3979,FL,2025-03-20T16:52:19Z,0
card_9333,405,TX,2025-03-26T17:56:17Z,0
card_1746,3068,NY,2025-03-23T16:40:50Z,0
card_7368,2019,CA,2025-03-27T05:20:55Z,0
card_5103,956,FL,2025-03-22T22:25:27Z,0
card_7054,996,FL,2025-03-24T02:41:06Z,0
card_2701,1383,NY,2025-03-25T16:49:45Z,0
card_1067,1174,CA,2025-03-26T03:50:19Z,0
card_9152,3245,CA,2025-03-28T20:31:02Z,0
card_5676,4948,CA,2025-03-29T09:10:49Z,0
card_1005,1301,FL,2025-03-21T04:14:48Z,0
card_8319,3194,TX,2025-03-26T17:08:51Z,0
card_4401,1332,NY,2025-03-26T20:46:11Z,0
card_6748,1549,CA,2025-03-21T06:00:02Z,0
card_9583,966,CA,2025-03-22T17:58:56Z,0
card_8726,2688,NY,2025-03-26T06:05:47Z,0
card_7430,3084,NY,2025-03-22T23:17:36Z,0
card_2582,291,NY,2025-03-29T14:39:44Z,0
card_6175,2669,CA,2025-03-29T23:54:33Z,0
card_4857,4118,CA,2025-03-21T04:50:34Z,0
card_3591,3274,NY,2025-03-22T08:39:10Z,0
card_8669,1400,FL,2025-03-29T00:33:20Z,0
card_3166,4600,FL,2025-03-25T19:54:37Z,0
card_6512,3669,NY,2025-03-28T10:04:15Z,0
card_2798,3505,CA,2025-03-22T22:06:44Z,0
card_1294,599,CA,2025-03-24T21:58:33Z,0
card_6557,3568,TX,2025-03-23T01:19:41Z,0
card_1317,380,NY,2025-03-28T18:08:39Z,0
card_1717,3865,FL,2025-03-29T14:23:44Z,0
card_7993,3799,FL,2025-03-21T18:36:21Z,0
card_5216,1193,CA,2025-03-23T19:53:12Z,0
card_8787,1420,TX,2025-03-24T19:56:53Z,0
card_7584,4407,NY,2025-03-26T09:19:35Z,0
card_7795,1897,NY,2025-03-20T20:05:05Z,0
card_1624,1280,CA,2025-03-29T22:11:11Z,0
card_5653,3031,CA,2025-03-29T21:56:42Z,0
card_6513,2284,NY,2025-03-25T15:57:11Z,0
card_9540,2665,CA,2025-03-27T05:59:48Z,0
card_3531,916,CA,2025-03-29T03:24:20Z,0
card_9752,3070,CA,2025-03-27T15:34:52Z,0
card_7535,2145,TX,2025-03-22T12:38:33Z,0
card_5351,1713,TX,2025-03-26T21:57:06Z,0
card_2635,2804,FL,2025-03-26T02:45:36Z,0
card_1764,4057,TX,2025-03-26T09:59:52Z,0
card_9073,1259,TX,2025-03-27T19:04:16Z,0
card_2306,2494,CA,2025-03-21T16:48:32Z,0
card_2934,3848,CA,2025-03-23T10:58:21Z,0
card_9496,1459,FL,2025-03-25T09:41:23Z,0
card_4657,3360,NY,2025-03-25T22:04:08Z,0
card_9489,2641,CA,2025-03-21T13:25:12Z,0
card_4356,1567,TX,2025-03-21T22:32:20Z,0
card_4337,948,FL,2025-03-21T10:42:48Z,0
card_3674,2062,CA,2025-03-25T00:06:35Z,0
card_1818,838,FL,2025-03-29T02:39:02Z,0
card_8099,3043,FL,2025-03-27T01:23:47Z,0
card_9922,2882,NY,2025-03-28T10:20:15Z,0
card_4749,2994,NY,2025-03-28T00:07:19Z,0
card_6838,2510,TX,2025-03-28T03:32:12Z,0
card_2087,1086,NY,2025-03-29T04:57:22Z,0
card_7488,3786,TX,2025-03-27T08:04:26Z,0
card_2408,74,CA,2025-03-21T20:15:42Z,0
card_3388,1607,CA,2025-03-27T12:22:58Z,0
card_1525,3664,CA,2025-03-23T01:51:38Z,0
card_3162,1043,FL,2025-03-29T00:27:07Z,0
card_8452,748,NY,2025-03-22T02:21:37Z,0
card_3364,1534,TX,2025-03-23T03:42:08Z,0
card_2036,24,CA,2025-03-24T01:33:53Z,0
card_8213,3632,NY,2025-03-27T06:26:42Z,0
card_1747,4597,NY,2025-03-26T07:01:42Z,0
card_6650,2721,CA,2025-03-27T06:23:38Z,0
card_4316,893,NY,2025-03-27T08:16:47Z,0
card_9926,3340,CA,2025-03-27T08:52:24Z,0
card_7155,2831,NY,2025-03-25T15:40:59Z,0
card_8722,4761,FL,2025-03-28T16:11:28Z,0
card_2449,260,NY,2025-03-22T04:50:02Z,0
card_2200,1695,TX,2025-03-21T16:10:00Z,0
card_5007,3994,NY,2025-03-21T02:25:21Z,0
card_9879,783,FL,2025-03-20T18:14:36Z,0
card_5744,4838,CA,2025-03-30T04:12:27Z,0
card_4811,2777,FL,2025-03-29T15:46:22Z,0
card_3953,1708,CA,2025-03-23T22:45:52Z,0
card_2149,8,CA,2025-03-25T14:13:51Z,0
card_9753,3928,CA,2025-03-28T01:57:03Z,0
card_2553,2868,FL,2025-03-25T08:54:07Z,0
card_2237,748,FL,2025-03-23T04:53:35Z,0
card_1437,3424,NY,2025-03-25T02:08:40Z,0
card_1277,2167,CA,2025-03-23T11:37:11Z,0
card_2496,1883,TX,2025-03-28T19:01:05Z,0
card_4943,1178,NY,2025-03-24T22:05:32Z,0
card_5216,2973,NY,2025-03-27T01:05:06Z,0
card_4634,3753,TX,2025-03-24T16:25:51Z,0
card_7449,2819,CA,2025-03-28T15:27:21Z,0
card_2581,3087,TX,2025-03-29T10:55:19Z,0
card_8258,3902,TX,2025-03-24T12:31:04Z,0
card_7243,3033,CA,2025-03-26T12:56:36Z,0
card_5639,4331,NY,2025-03-23T02:49:28Z,0
card_8190,2221,FL,2025-03-29T17:55:49Z,0
card_9219,4095,FL,2025-03-23T17:58:41Z,0
card_5091,718,TX,2025-03-25T19:12:11Z,0
card_7318,1750,CA,2025-03-25T10:59:32Z,0
card_6010,3388,NY,2025-03-25T19:06:42Z,0
card_4861,215,TX,2025-03-26T23:59:58Z,0
card_8790,994,CA,2025-03-24T08:41:59Z,0
card_3076,4197,TX,2025-03-28T04:01:20Z,0
card_5037,957,FL,2025-03-25T01:17:59Z,0
card_4359,4572,TX,2025-03-23T14:24:10Z,0
card_2090,3937,FL,2025-03-23T21:19:25Z,0
card_5870,4360,CA,2025-03-25T19:15:47Z,0
card_6309,3879,TX,2025-03-30T13:23:34Z,0
card_7960,2607,TX,2025-03-30T13:43:06Z,0
card_7663,1804,CA,2025-03-23T05:14:58Z,0
card_1696,4231,CA,2025-03-21T08:49:53Z,0
card_9022,1149,NY,2025-03-23T23:49:40Z,0
card_5272,3602,CA,2025-03-21T00:31:44Z,0
card_9976,4566,CA,2025-03-21T09:39:31Z,0
card_9887,4778,NY,2025-03-29T08:19:30Z,0
card_3070,706,TX,2025-03-28T01:10:03Z,0
card_3050,3121,NY,2025-03-25T17:52:48Z,0
card_7948,2484,CA,2025-03-24T15:03:52Z,0
card_2455,3726,NY,2025-03-24T21:48:01Z,0
card_3480,362,NY,2025-03-27T13:12:31Z,0
card_1640,644,FL,2025-03-26T05:38:59Z,0
card_8394,4191,NY,2025-03-26T04:08:27Z,0
card_3423,4527,FL,2025-03-21T11:10:22Z,0
card_7305,4063,TX,2025-03-27T19:07:32Z,0
card_7348,2059,TX,2025-03-21T13:39:14Z,0
card_2455,1043,CA,2025-03-27T03:07:27Z,0
card_1837,3827,NY,2025-03-24T00:58:59Z,0
card_4025,3634,FL,2025-03-29T23:51:14Z,0
card_9853,4021,CA,2025-03-24T19:28:46Z,0
card_9015,2025,NY,2025-03-29T23:03:32Z,0
card_3304,3064,NY,2025-03-29T18:36:05Z,0
card_7033,641,TX,2025-03-29T20:19:27Z,0
card_8131,1404,FL,2025-03-29T05:39:04Z,0
card_1420,3450,CA,2025-03-28T19:41:23Z,0
card_5212,431,CA,2025-03-27T11:13:53Z,0
card_4555,463,TX,2025-03-29T08:40:15Z,0
card_4888,2836,NY,2025-03-21T09:07:31Z,0
card_2944,1805,CA,2025-03-21T13:58:51Z,0
card_2556,3403,NY,2025-03-26T11:54:59Z,0
card_4772,1912,NY,2025-03-30T01:44:07Z,0
card_6855,4098,FL,2025-03-28T03:45:09Z,0
card_3250,4621,CA,2025-03-21T00:39:01Z,0
card_5418,69,NY,2025-03-23T18:33:26Z,0
card_8813,4541,NY,2025-03-24T15:15:44Z,0
card_2617,1215,FL,2025-03-26T03:40:10Z,0
card_1668,1561,TX,2025-03-27T14:57:51Z,0
card_1389,1865,TX,2025-03-29T16:32:57Z,0
card_8933,2587,NY,2025-03-26T01:04:57Z,0
card_5999,3823,TX,2025-03-22T22:23:25Z,0
card_2459,1163,TX,2025-03-28T23:53:02Z,0
card_2799,32,FL,2025-03-23T02:00:58Z,0
card_5145,2458,FL,2025-03-21T07:09:48Z,0
card_7484,2457,CA,2025-03-24T19:16:54Z,0
card_5298,1923,TX,2025-03-21T16:10:34Z,0
card_6529,1914,NY,2025-03-22T09:27:59Z,0
card_9738,4941,CA,2025-03-28T22:44:59Z,0
card_6521,1676,TX,2025-03-29T13:18:24Z,0
card_3545,3154,TX,2025-03-26T08:48:02Z,0
card_2554,1740,FL,2025-03-23T00:18:56Z,0
card_7705,3033,TX,2025-03-25T11:36:34Z,0
card_4860,3679,CA,2025-03-27T04:15:52Z,0
card_5967,2555,FL,2025-03-28T03:49:33Z,0
card_5105,1597,CA,2025-03-29T12:04:02Z,0
card_5559,3204,CA,2025-03-28T13:45:43Z,0
card_3208,4877,CA,2025-03-27T21:27:36Z,0
card_5936,544,TX,2025-03-21T23:17:05Z,0
card_2843,3332,CA,2025-03-24T03:03:05Z,0
card_6806,571,FL,2025-03-26T08:13:32Z,0
card_7936,4300,NY,2025-03-24T21:08:55Z,0
card_1180,414,TX,2025-03-26T16:08:47Z,0
card_5023,2554,TX,2025-03-28T08:24:47Z,0
card_7358,3143,CA,2025-03-28T16:17:59Z,0
card_5990,3902,FL,2025-03-25T00:39:28Z,0
card_3282,295,NY,2025-03-22T12:33:29Z,0
card_4891,2023,CA,2025-03-27T07:37:03Z,0
card_2489,1156,NY,2025-03-22T02:09:26Z,0
card_9877,3885,NY,2025-03-21T18:15:00Z,0
card_2455,482,CA,2025-03-26T18:17:17Z,0
card_1727,1685,CA,2025-03-27T14:02:03Z,0
card_3167,4497,TX,2025-03-20T18:55:35Z,0
card_6603,4279,FL,2025-03-30T07:35:40Z,0
card_8311,50,CA,2025-03-23T11:48:25Z,0
card_7653,1901,CA,2025-03-26T21:46:05Z,0
card_2502,4680,TX,2025-03-30T00:51:16Z,0
card_6771,3871,TX,2025-03-23T19:52:29Z,0
card_2512,4742,TX,2025-03-26T13:14:06Z,0
card_6999,1025,TX,2025-03-24T13:14:03Z,0
card_7159,1376,CA,2025-03-22T02:32:54Z,0
card_3689,2309,CA,2025-03-28T06:36:43Z,0
card_6460,4609,CA,2025-03-26T09:50:22Z,0
card_7113,2124,CA,2025-03-25T23:25:19Z,0
card_4274,1830,TX,2025-03-20T13:45:22Z,0
card_8124,565,NY,2025-03-27T03:01:39Z,0
card_5056,4408,CA,2025-03-22T09:47:28Z,0
card_3250,3924,TX,2025-03-24T11:57:53Z,0
card_5491,414,FL,2025-03-25T08:20:01Z,0
card_4882,1487,NY,2025-03-27T00:37:09Z,0
card_1515,3695,NY,2025-03-30T05:46:19Z,0
card_9472,3911,TX,2025-03-23T13:44:15Z,0
card_9604,2794,TX,2025-03-30T00:18:27Z,0
card_6108,607,CA,2025-03-27T11:02:09Z,0
card_9111,1933,CA,2025-03-23T21:41:06Z,0
card_5253,3670,NY,2025-03-25T09:23:23Z,0
card_7807,1713,CA,2025-03-24T00:30:18Z,0
card_1955,4701,NY,2025-03-27T14:46:30Z,0
card_4069,2477,CA,2025-03-24T15:23:52Z,0
card_5469,219,FL,2025-03-28T07:27:22Z,0
card_8074,4625,CA,2025-03-26T09:48:53Z,0
card_7372,3836,FL,2025-03-26T12:42:37Z,0
card_7377,3683,TX,2025-03-21T06:08:58Z,0
card_1792,4091,CA,2025-03-21T22:07:42Z,0
card_6471,793,CA,2025-03-24T23:40:56Z,0
card_7010,460,NY,2025-03-20T16:55:05Z,0
card_1267,2255,NY,2025-03-26T15:13:03Z,0
card_1244,4846,NY,2025-03-30T00:50:20Z,0
card_5647,4787,FL,2025-03-25T08:21:46Z,0
card_5758,1391,TX,2025-03-23T10:07:13Z,0
card_5597,38,NY,2025-03-23T08:34:34Z,0
card_9449,681,NY,2025-03-24T12:58:25Z,0
card_4468,996,CA,2025-03-27T10:29:25Z,0
card_9085,4568,TX,2025-03-23T08:31:12Z,0
card_7178,31,NY,2025-03-30T12:38:04Z,0
card_5590,2460,FL,2025-03-25T10:31:28Z,0
card_5319,3366,TX,2025-03-22T05:16:52Z,0
card_9332,885,NY,2025-03-21T14:21:42Z,0
card_5736,3879,TX,2025-03-24T22:41:18Z,0
card_2594,3460,NY,2025-03-26T22:21:58Z,0
card_4367,4778,FL,2025-03-28T16:59:40Z,0
card_7579,1050,NY,2025-03-26T09:37:31Z,0
card_7348,795,CA,2025-03-21T02:04:57Z,0
card_1539,3353,TX,2025-03-29T07:21:16Z,0
card_5496,2165,TX,2025-03-28T20:16:42Z,0
card_1958,3200,FL,2025-03-25T13:37:48Z,0
card_9680,4205,NY,2025-03-29T03:38:13Z,0
card_1167,3624,FL,2025-03-29T14:20:27Z,0
card_2964,1558,FL,2025-03-29T12:47:06Z,0
card_2341,3133,FL,2025-03-25T05:49:47Z,0
card_1606,1754,NY,2025-03-20T22:13:10Z,0
card_2934,1340,CA,2025-03-30T11:48:58Z,0
card_1741,4478,NY,2025-03-28T01:23:49Z,0
card_9461,2240,NY,2025-03-26T22:21:13Z,0
card_7400,3454,NY,2025-03-26T10:20:18Z,0
card_5126,3724,TX,2025-03-21T02:07:17Z,0
card_5588,1405,TX,2025-03-26T21:08:55Z,0
card_3644,3469,FL,2025-03-22T23:54:55Z,0
card_2660,2099,NY,2025-03-26T23:01:56Z,0
card_9994,3377,NY,2025-03-29T18:51:00Z,0
card_5287,3363,FL,2025-03-27T22:18:01Z,0
card_3794,4499,CA,2025-03-22T15:51:31Z,0
card_9362,109,FL,2025-03-26T02:06:55Z,0
card_1999,1161,NY,2025-03-20T17:58:55Z,0
card_8640,4915,CA,2025-03-22T11:14:44Z,0
card_1091,2504,NY,2025-03-29T12:23:53Z,0
card_8289,1755,NY,2025-03-20T14:58:58Z,0
card_1223,4690,FL,2025-03-23T06:44:28Z,0
card_9055,1291,CA,2025-03-22T16:15:22Z,0
card_5151,713,NY,2025-03-28T08:00:25Z,0
card_6565,3573,FL,2025-03-28T07:36:34Z,0
card_1357,3204,NY,2025-03-30T14:03:49Z,0
card_7044,2577,FL,2025-03-22T00:25:12Z,0
card_9369,1538,TX,2025-03-25T23:41:45Z,0
card_9099,4600,FL,2025-03-28T11:25:00Z,0
card_9883,3992,CA,2025-03-30T04:04:42Z,0
card_7341,3637,FL,2025-03-24T11:39:41Z,0
card_3323,555,TX,2025-03-29T12:56:21Z,0
card_2189,385,CA,2025-03-28T18:40:40Z,0
card_4317,479,FL,2025-03-30T04:52:21Z,0
card_6574,1669,CA,2025-03-26T20:16:56Z,0
card_1200,1278,FL,2025-03-26T05:50:53Z,0
card_3880,4042,CA,2025-03-25T07:20:27Z,0
card_8035,1470,CA,2025-03-26T00:17:49Z,0
card_6844,2857,CA,2025-03-27T15:44:59Z,0
card_3568,326,FL,2025-03-20T18:25:01Z,0
card_5792,3813,FL,2025-03-27T00:17:24Z,0
card_2271,733,FL,2025-03-26T15:55:52Z,0
card_8066,803,CA,2025-03-21T03:06:28Z,0
card_6180,1917,TX,2025-03-28T13:54:15Z,0
card_3410,2572,CA,2025-03-23T14:35:50Z,0
card_4272,1244,TX,2025-03-24T05:19:06Z,0
card_4550,1011,CA,2025-03-21T12:00:41Z,0
card_2189,1886,TX,2025-03-21T05:03:16Z,0
card_5104,4048,FL,2025-03-28T20:33:15Z,0
card_8874,2036,NY,2025-03-27T04:33:04Z,0
card_6632,2196,NY,2025-03-20T19:33:28Z,0
card_6049,3985,TX,2025-03-30T01:23:34Z,0
card_1289,3888,TX,2025-03-28T19:07:13Z,0
card_3695,417,TX,2025-03-28T12:17:59Z,0
card_7274,4870,NY,2025-03-30T11:45:08Z,0
card_1869,1507,TX,2025-03-22T02:11:10Z,0
card_2115,1050,CA,2025-03-23T11:21:28Z,0
card_8341,3841,TX,2025-03-27T19:22:29Z,0
card_5451,2796,TX,2025-03-23T18:01:10Z,0
card_5547,2257,NY,2025-03-22T00:24:24Z,0
card_2022,857,TX,2025-03-23T12:49:10Z,0
card_4179,1409,TX,2025-03-21T02:12:04Z,0
card_5415,2658,FL,2025-03-29T03:22:50Z,0
card_7429,4649,CA,2025-03-20T14:41:09Z,0
card_7081,2423,FL,2025-03-23T22:48:29Z,0
card_2192,1812,FL,2025-03-22T01:49:46Z,0
card_1372,161,FL,2025-03-29T07:42:26Z,0
card_3280,289,FL,2025-03-24T17:57:08Z,0
card_4541,1321,CA,2025-03-23T13:15:40Z,0
card_7891,536,NY,2025-03-23T00:54:03Z,0
card_3047,4888,FL,2025-03-24T09:16:03Z,0
card_8976,551,TX,2025-03-30T09:03:42Z,0
card_9159,2126,TX,2025-03-24T16:51:31Z,0
card_2815,2420,NY,2025-03-25T10:47:14Z,0
card_3623,2077,NY,2025-03-26T19:00:01Z,0
card_9058,158,NY,2025-03-20T22:00:26Z,0
card_2669,3026,NY,2025-03-30T06:41:11Z,0
card_4284,4538,TX,2025-03-25T15:59:37Z,0
card_9810,906,NY,2025-03-21T02:07:06Z,0
card_5718,4364,TX,2025-03-28T16:18:05Z,0
card_3517,1817,CA,2025-03-26T06:03:39Z,0
card_2460,932,TX,2025-03-23T13:46:44Z,0
card_1848,358,TX,2025-03-25T19:34:21Z,0
card_2677,4845,TX,2025-03-29T04:12:32Z,0
card_9430,2370,TX,2025-03-22T01:22:20Z,0
card_3203,2128,TX,2025-03-27T23:45:21Z,0
card_9323,3379,CA,2025-03-27T05:06:16Z,0
card_1403,3534,NY,2025-03-26T03:39:50Z,0
card_2309,933,NY,2025-03-22T00:17:56Z,0
card_9848,2344,TX,2025-03-26T16:29:22Z,0
card_6058,1660,CA,2025-03-27T01:06:20Z,0
card_8575,1512,TX,2025-03-23T19:17:52Z,0
card_8644,93,TX,2025-03-28T15:01:23Z,0
card_1291,3318,TX,2025-03-28T23:31:24Z,0
card_6617,2450,TX,2025-03-29T02:08:54Z,0
card_4901,859,TX,2025-03-29T01:23:35Z,0
card_7690,2787,NY,2025-03-20T23:44:30Z,0
card_1183,188,NY,2025-03-28T15:54:04Z,0
card_2365,1763,TX,2025-03-24T15:05:29Z,0
card_4180,2229,FL,2025-03-29T16:25:41Z,0
card_6422,4478,CA,2025-03-25T15:23:08Z,0
card_2263,4225,CA,2025-03-30T07:37:59Z,0
card_1653,3985,TX,2025-03-24T11:55:25Z,0
card_3097,3605,TX,2025-03-22T22:18:31Z,0
card_4114,4902,CA,2025-03-23T19:35:45Z,0
card_4721,1533,CA,2025-03-27T12:27:51Z,0
card_4145,1610,FL,2025-03-27T15:31:46Z,0
card_8697,2928,FL,2025-03-21T01:42:29Z,0
card_4793,3992,CA,2025-03-20T16:12:45Z,0
card_1187,1244,TX,2025-03-30T01:24:58Z,0
card_7527,3174,NY,2025-03-24T01:11:25Z,0
card_6872,4671,TX,2025-03-25T04:39:07Z,0
card_7102,1996,FL,2025-03-20T22:50:46Z,0
card_2465,4632,NY,2025-03-25T13:36:24Z,0
card_7202,1386,CA,2025-03-23T06:39:53Z,0
card_3573,4496,CA,2025-03-22T22:30:14Z,0
card_4942,2212,TX,2025-03-27T23:20:44Z,0
card_3962,1563,NY,2025-03-22T07:43:04Z,0
card_3579,3262,TX,2025-03-21T22:35:37Z,0
card_7911,256,CA,2025-03-25T05:50:26Z,0
card_9186,2436,TX,2025-03-26T13:48:53Z,0
card_3503,4247,NY,2025-03-29T21:56:04Z,0
card_4898,3352,TX,2025-03-21T00:15:53Z,0
card_9876,975,FL,2025-03-26T10:30:10Z,0
card_2461,2818,NY,2025-03-23T22:20:01Z,0
card_5967,2557,TX,2025-03-29T21:13:51Z,0
card_7474,4941,FL,2025-03-25T08:16:00Z,0
card_6603,4014,NY,2025-03-26T22:14:19Z,0
card_5409,4476,TX,2025-03-20T14:28:56Z,0
card_8369,1832,TX,2025-03-29T08:52:01Z,0
card_3964,1270,NY,2025-03-28T23:20:12Z,0
card_5452,2625,CA,2025-03-29T19:41:56Z,0
card_1999,2140,NY,2025-03-24T23:16:10Z,0
card_3587,3833,CA,2025-03-21T12:05:16Z,0
card_5816,605,CA,2025-03-30T01:22:23Z,0
card_1492,2056,TX,2025-03-29T00:36:54Z,0
card_7492,194,FL,2025-03-21T07:34:14Z,0
card_6236,3059,CA,2025-03-21T18:57:28Z,0
card_8081,3936,FL,2025-03-25T00:18:29Z,0
card_8904,4709,TX,2025-03-28T17:18:06Z,0
card_4947,3489,TX,2025-03-28T16:47:59Z,0
card_2909,2899,TX,2025-03-25T08:08:52Z,0
card_6950,4351,CA,2025-03-26T03:18:57Z,0
card_7468,3916,CA,2025-03-25T10:38:43Z,0
card_3521,1761,TX,2025-03-25T05:57:51Z,0
card_6874,1926,CA,2025-03-23T10:18:25Z,0
card_2929,1840,FL,2025-03-28T14:54:33Z,0
card_4197,4291,FL,2025-03-28T01:06:46Z,0
card_2119,2280,NY,2025-03-23T17:39:15Z,0
card_7544,127,TX,2025-03-27T02:36:18Z,0
card_2664,3249,NY,2025-03-22T14:53:51Z,0
card_4414,4660,NY,2025-03-25T03:38:47Z,0
card_8222,4665,CA,2025-03-21T20:12:59Z,0
card_6318,3482,NY,2025-03-26T22:14:05Z,0
card_9946,1252,CA,2025-03-25T16:58:39Z,0
card_1452,3333,NY,2025-03-25T08:08:51Z,0
card_7694,4623,CA,2025-03-24T05:01:36Z,0
card_6017,2715,TX,2025-03-22T23:31:20Z,0
card_2620,4075,NY,2025-03-23T18:30:28Z,0
card_8793,3015,CA,2025-03-26T19:20:33Z,0
card_3875,168,TX,2025-03-24T09:14:45Z,0
card_8776,668,NY,2025-03-30T05:31:59Z,0
card_9390,1619,CA,2025-03-28T18:40:12Z,0
card_3386,1961,TX,2025-03-24T07:11:36Z,0
card_2112,2328,TX,2025-03-27T16:22:44Z,0
card_3348,4666,CA,2025-03-30T06:53:28Z,0
card_2122,4683,TX,2025-03-29T01:55:13Z,0
card_7085,3390,CA,2025-03-30T10:45:56Z,0
card_1551,682,TX,2025-03-27T23:37:57Z,0
card_3372,1594,NY,2025-03-30T04:55:58Z,0
card_7378,4211,CA,2025-03-22T16:48:18Z,0
card_2216,130,TX,2025-03-27T02:44:45Z,0
card_6437,4695,NY,2025-03-22T20:41:16Z,0
card_1854,12,NY,2025-03-28T07:00:25Z,0
card_8267,2725,FL,2025-03-24T11:43:34Z,0
card_4388,2260,TX,2025-03-21T06:16:14Z,0
card_3530,2554,NY,2025-03-26T18:01:29Z,0
card_3173,1721,CA,2025-03-23T17:11:39Z,0
card_3499,1128,TX,2025-03-29T12:07:48Z,0
card_4373,2260,FL,2025-03-29T04:38:47Z,0
card_2920,1951,NY,2025-03-23T16:55:46Z,0
card_3953,3902,CA,2025-03-22T12:18:20Z,0
card_2148,4713,TX,2025-03-28T09:35:07Z,0
card_9653,3366,NY,2025-03-26T17:32:21Z,0
card_8419,1030,NY,2025-03-28T05:46:59Z,0
card_4357,1438,FL,2025-03-22T17:05:39Z,0
card_8067,2979,CA,2025-03-27T00:03:19Z,0
card_2240,3014,CA,2025-03-24T14:54:24Z,0
card_4372,254,NY,2025-03-24T09:14:09Z,0
card_7058,4699,CA,2025-03-29T18:46:42Z,0
card_4647,4882,NY,2025-03-21T02:52:45Z,0
card_5764,3581,TX,2025-03-21T00:44:38Z,0
card_1565,3964,CA,2025-03-23T14:56:20Z,0
card_2242,3699,FL,2025-03-21T18:32:55Z,0
card_5167,2804,NY,2025-03-25T12:32:58Z,0
card_8662,3663,TX,2025-03-25T12:49:11Z,0
card_1000,3854,CA,2025-03-22T19:03:04Z,0
card_2850,4714,FL,2025-03-28T08:32:36Z,0
card_3223,405,TX,2025-03-21T06:17:26Z,0
card_6805,150,NY,2025-03-25T09:25:56Z,0
card_2128,1144,NY,2025-03-26T00:24:41Z,0
card_1727,4815,FL,2025-03-25T22:27:25Z,0
card_4174,224,CA,2025-03-23T19:32:11Z,0
card_8182,3287,NY,2025-03-23T20:07:49Z,0
card_3021,4192,TX,2025-03-21T21:08:24Z,0
card_6379,4719,TX,2025-03-28T07:23:39Z,0
card_1832,1532,TX,2025-03-28T05:09:16Z,0
card_1795,3788,NY,2025-03-28T00:42:22Z,0
card_9887,3272,CA,2025-03-30T08:30:50Z,0
card_8562,4902,NY,2025-03-30T08:06:31Z,0
card_7865,1168,CA,2025-03-24T14:59:20Z,0
card_8734,1484,CA,2025-03-25T20:32:05Z,0
card_9506,2779,FL,2025-03-21T02:03:11Z,0
card_6814,3938,CA,2025-03-28T10:57:42Z,0
card_6363,3368,NY,2025-03-21T04:54:13Z,0
card_7597,579,NY,2025-03-22T22:02:33Z,0
card_6875,3179,FL,2025-03-21T04:05:26Z,0
card_4734,3370,CA,2025-03-30T08:46:54Z,0
card_4030,851,FL,2025-03-27T04:08:34Z,0
card_8068,4136,NY,2025-03-24T06:53:51Z,0
card_1153,491,CA,2025-03-28T21:30:23Z,0
card_6794,3077,CA,2025-03-26T14:44:59Z,0
card_8868,3703,CA,2025-03-29T09:59:30Z,0
card_3439,3639,TX,2025-03-24T23:59:26Z,0
card_8153,4122,CA,2025-03-20T22:54:33Z,0
card_6876,393,FL,2025-03-22T11:35:23Z,0
card_3164,3166,TX,2025-03-22T00:24:42Z,0
card_2449,3014,CA,2025-03-29T14:43:08Z,0
card_2088,4290,CA,2025-03-21T09:30:08Z,0
card_2168,2502,TX,2025-03-22T11:54:59Z,0
card_5769,2689,NY,2025-03-26T20:07:14Z,0
card_7131,1239,NY,2025-03-25T07:44:58Z,0
card_4984,2305,CA,2025-03-22T10:00:12Z,0
card_7772,603,TX,2025-03-21T03:00:11Z,0
card_8615,4219,CA,2025-03-25T03:50:14Z,0
card_9696,2636,CA,2025-03-26T10:43:23Z,0
card_9379,1620,NY,2025-03-24T22:20:33Z,0
card_3396,2421,CA,2025-03-29T22:08:44Z,0
card_9778,665,CA,2025-03-22T09:26:40Z,0
card_1666,1403,TX,2025-03-21T15:47:28Z,0
card_2059,2383,TX,2025-03-26T08:48:21Z,0
card_9533,496,CA,2025-03-28T11:40:44Z,0
card_4320,655,TX,2025-03-22T20:18:44Z,0
card_3143,453,NY,2025-03-26T04:52:14Z,0
card_8360,3844,CA,2025-03-24T05:56:39Z,0
card_5443,3683,TX,2025-03-26T19:07:09Z,0
card_1483,3958,NY,2025-03-22T06:27:23Z,0
card_3217,3895,CA,2025-03-24T21:58:47Z,0
card_5177,1189,CA,2025-03-30T04:30:08Z,0
card_4238,2820,FL,2025-03-26T11:58:44Z,0
card_8582,4306,CA,2025-03-28T20:19:43Z,0
card_1471,1557,CA,2025-03-28T08:38:35Z,0
card_7392,843,CA,2025-03-24T16:35:19Z,0
card_1239,953,FL,2025-03-25T06:57:10Z,0
card_2417,4804,CA,2025-03-21T16:49:07Z,0
card_3501,3586,TX,2025-03-23T07:39:48Z,0
card_3251,1527,TX,2025-03-26T04:13:49Z,0
card_4540,3349,NY,2025-03-27T00:45:09Z,0
card_5299,3358,CA,2025-03-29T07:24:37Z,0
card_6964,652,NY,2025-03-29T08:52:57Z,0
card_8729,415,CA,2025-03-23T07:58:09Z,0
card_1651,3770,NY,2025-03-22T13:10:20Z,0
card_3555,657,NY,2025-03-28T11:04:07Z,0
card_2259,4194,TX,2025-03-28T05:11:57Z,0
card_8021,1752,FL,2025-03-27T13:11:31Z,0
card_5189,2009,NY,2025-03-25T13:30:28Z,0
card_9665,4805,NY,2025-03-28T23:43:43Z,0
card_9769,1551,FL,2025-03-29T15:57:25Z,0
card_3452,4001,CA,2025-03-25T21:11:51Z,0
card_4757,3446,TX,2025-03-23T22:32:38Z,0
card_6968,526,FL,2025-03-23T21:36:38Z,0
card_6215,1441,FL,2025-03-22T12:50:32Z,0
card_4235,1763,FL,2025-03-26T12:19:13Z,0
card_6515,3108,CA,2025-03-21T07:59:03Z,0
card_5932,583,CA,2025-03-29T06:13:39Z,0
card_9306,2221,TX,2025-03-23T18:56:57Z,0
card_2286,3635,FL,2025-03-28T04:26:38Z,0
card_8660,3708,CA,2025-03-28T18:52:59Z,0
card_2673,679,NY,2025-03-26T08:29:57Z,0
card_1083,1934,NY,2025-03-23T22:52:56Z,0
card_5992,2268,FL,2025-03-30T01:41:43Z,0
card_5399,317,NY,2025-03-25T13:59:27Z,0
card_9209,1556,CA,2025-03-29T14:48:38Z,0
card_6670,3548,CA,2025-03-28T15:59:19Z,0
card_1330,4180,CA,2025-03-28T20:49:53Z,0
card_3412,3128,NY,2025-03-29T00:51:33Z,0
card_9000,2730,NY,2025-03-25T04:14:44Z,0
card_9942,4432,CA,2025-03-28T11:33:49Z,0
card_8244,749,FL,2025-03-22T10:07:47Z,0
card_7444,4427,NY,2025-03-26T23:03:16Z,0
card_1196,4880,FL,2025-03-21T09:39:05Z,0
card_8054,3520,NY,2025-03-26T02:49:43Z,0
card_5800,3360,FL,2025-03-28T13:28:58Z,0
card_4405,3614,FL,2025-03-28T14:51:29Z,0
card_1851,805,FL,2025-03-29T10:31:26Z,0
card_3266,4694,FL,2025-03-30T05:54:25Z,0
card_7798,655,TX,2025-03-24T20:53:10Z,0
card_9309,4000,TX,2025-03-23T07:23:26Z,0
card_4231,10,CA,2025-03-26T13:33:37Z,0
card_9972,2956,FL,2025-03-25T18:05:19Z,0
card_5038,2323,CA,2025-03-23T21:40:16Z,0
card_9600,4902,NY,2025-03-30T12:04:31Z,0
card_6313,507,NY,2025-03-22T09:03:57Z,0
card_7116,4292,TX,2025-03-23T11:22:55Z,0
card_3871,4138,CA,2025-03-21T10:13:46Z,0
card_3524,1174,TX,2025-03-26T23:42:13Z,0
card_7954,142,CA,2025-03-21T02:00:24Z,0
card_1781,3857,TX,2025-03-23T19:43:49Z,0
card_9295,3805,TX,2025-03-26T00:11:17Z,0
card_9400,3318,CA,2025-03-30T01:00:51Z,0
card_2219,1706,CA,2025-03-25T12:21:57Z,0
card_6019,2076,CA,2025-03-26T12:06:57Z,0
card_9189,3704,CA,2025-03-27T11:41:11Z,0
card_8769,2421,TX,2025-03-27T19:41:57Z,0
card_5972,3819,TX,2025-03-20T16:49:53Z,0
card_8100,4060,CA,2025-03-26T07:17:22Z,0
card_7405,4690,FL,2025-03-27T14:46:49Z,0
card_5131,1830,FL,2025-03-25T06:46:15Z,0
card_5870,4242,TX,2025-03-24T22:06:40Z,0
card_7151,341,TX,2025-03-28T02:43:54Z,0
card_3193,1289,CA,2025-03-24T22:17:48Z,0
card_7416,636,NY,2025-03-29T04:38:36Z,0
card_7411,737,FL,2025-03-23T10:56:00Z,0
card_2021,654,FL,2025-03-29T09:18:24Z,0
card_8899,2337,FL,2025-03-28T22:00:06Z,0
card_8937,3897,CA,2025-03-24T05:30:50Z,0
card_8863,2037,TX,2025-03-29T12:56:10Z,0
card_8737,4440,FL,2025-03-27T14:53:53Z,0
card_3589,4135,FL,2025-03-30T06:29:01Z,0
card_1888,1844,CA,2025-03-21T04:14:03Z,0
card_6319,2717,NY,2025-03-23T15:00:35Z,0
card_8265,1140,CA,2025-03-21T02:53:20Z,0
card_3143,56453,NY,2025-03-26T04:52:14Z,1
card_5189,83009,NY,2025-03-25T13:30:28Z,1
